level,train_bin,n_classes,test_samples,micro_recall,micro_prec,macro_f1,classes_hit_ratio
1,501+,7,5584,0.797,0.566,0.623,1.0
2,11-20,2,3,0.0,0.0,0.0,0.0
2,21-50,4,6,0.0,0.0,0.0,0.0
2,51-100,4,15,0.0,0.0,0.0,0.0
2,101-500,13,126,0.357,0.321,0.264,0.692
2,501+,40,5434,0.809,0.32,0.517,1.0
3,6-10,9,9,0.0,0.0,0.0,0.0
3,11-20,9,14,0.0,0.0,0.0,0.0
3,21-50,23,40,0.0,0.0,0.0,0.0
3,51-100,14,37,0.0,0.0,0.0,0.0
3,101-500,62,584,0.366,0.377,0.307,0.581
3,501+,68,4900,0.822,0.29,0.538,1.0
4,1-2,18,18,0.0,0.0,0.0,0.0
4,3-5,26,29,0.0,0.0,0.0,0.0
4,6-10,146,172,0.0,0.0,0.0,0.0
4,11-20,254,336,0.0,0.0,0.0,0.0
4,21-50,274,563,0.0,0.0,0.0,0.0
4,51-100,171,532,0.032,0.309,0.032,0.047
4,101-500,345,2981,0.649,0.536,0.526,0.765
4,501+,40,944,0.879,0.376,0.66,0.975
