ensemble,epoch,train_loss,val_loss,L1_macroF1,L1_microF1,L2_macroF1,L2_microF1,L3_macroF1,L3_microF1,L4_macroF1,L4_microF1
1,1,0.06591836106992784,0.027033289275358946,0.13303186788556975,0.41100266193433893,0.0,0.0,0.0,0.0,0.0,0.0
1,2,0.028984402155932024,0.027325744978165558,0.13303186788556975,0.41100266193433893,0.0,0.0,0.0,0.0,0.0,0.0
1,3,0.028724671846403378,0.027185378985794362,0.13303186788556975,0.41100266193433893,0.004351806821788259,0.16760464298276467,0.0,0.0,0.0,0.0
1,4,0.02860149661210549,0.027540230285643164,0.13303186788556975,0.41100266193433893,0.0,0.0,0.0,0.0,0.0,0.0
1,5,0.028541965913439275,0.027491569764549206,0.11144400616082988,0.34392191659272403,0.0,0.0,0.0,0.0,0.0,0.0
1,6,0.028521143487355637,0.027608809480310168,0.13303186788556975,0.41100266193433893,0.0,0.0,0.0,0.0,0.0,0.0
1,7,0.028519290866662838,0.02757463888145108,0.13303186788556975,0.41100266193433893,0.0,0.0,0.0,0.0,0.0,0.0
1,8,0.028513424816372097,0.02744987268630618,0.13303186788556975,0.41100266193433893,0.0,0.0,0.0,0.0,0.0,0.0
1,9,0.028506503946823063,0.02744364853211836,0.13303186788556975,0.41100266193433893,0.0,0.0,0.0,0.0,0.0,0.0
1,10,0.02850352150497333,0.0276318610696533,0.13303186788556975,0.41100266193433893,0.0,0.0,0.0,0.0,0.0,0.0
1,11,0.028503411267949145,0.027599451524394972,0.13303186788556975,0.41100266193433893,0.0,0.0,0.0,0.0,0.0,0.0
1,12,0.028502882675711314,0.027423470582610215,0.13303186788556975,0.41100266193433893,0.0,0.0,0.0,0.0,0.0,0.0
1,13,0.028503086364107658,0.02736346715031176,0.13303186788556975,0.41100266193433893,0.0,0.0,0.0,0.0,0.0,0.0
1,14,0.02849530677905144,0.027646504182443236,0.13303186788556975,0.41100266193433893,0.0,0.0,0.0,0.0,0.0,0.0
1,15,0.028496421762359534,0.027424137580360587,0.13303186788556975,0.41100266193433893,0.0,0.0,0.0,0.0,0.0,0.0
1,16,0.02849401982887989,0.027378760256876578,0.13303186788556975,0.41100266193433893,0.0,0.0,0.0,0.0,0.0,0.0
1,17,0.028490551413052814,0.027525921947293433,0.13303186788556975,0.41100266193433893,0.0,0.0,0.0,0.0,0.0,0.0
1,18,0.028494201615285587,0.027579744359782568,0.13303186788556975,0.41100266193433893,0.0,0.0,0.0,0.0,0.0,0.0
1,19,0.02849238633040481,0.02730788373759278,0.13303186788556975,0.41100266193433893,0.0,0.0,0.0,0.0,0.0,0.0
1,20,0.02849375237453446,0.027365172938323634,0.13303186788556975,0.41100266193433893,0.0,0.0,0.0,0.0,0.0,0.0
2,1,0.06611402599035031,0.027384998810538932,0.13303186788556975,0.41100266193433893,0.0,0.0,0.0,0.0,0.0,0.0
2,2,0.028985454849995825,0.027452120786922368,0.08322303410512574,0.4054412154403321,0.004351806821788259,0.16760464298276467,0.0,0.0,0.0,0.0
2,3,0.028727510714501536,0.027652691750864586,0.13303186788556975,0.41100266193433893,0.0,0.0,0.0,0.0,0.0,0.0
2,4,0.028602189141527207,0.02751998884075009,0.13303186788556975,0.41100266193433893,0.004351806821788259,0.16760464298276467,0.0,0.0,0.0,0.0
2,5,0.028543086826518484,0.027471984685919004,0.13303186788556975,0.41100266193433893,0.0,0.0,0.0,0.0,0.0,0.0
2,6,0.02852339141445222,0.02747835937812711,0.13303186788556975,0.41100266193433893,0.004351806821788259,0.16760464298276467,0.0,0.0,0.0,0.0
2,7,0.028512864695553312,0.027438954527577903,0.13303186788556975,0.41100266193433893,0.0,0.0,0.0,0.0,0.0,0.0
2,8,0.02851101778756069,0.02753575542210508,0.13303186788556975,0.41100266193433893,0.0,0.0,0.0,0.0,0.0,0.0
2,9,0.028506287076619057,0.02753412900732718,0.13303186788556975,0.41100266193433893,0.0,0.0,0.0,0.0,0.0,0.0
2,10,0.0285033659277436,0.027409253786064493,0.13303186788556975,0.41100266193433893,0.0,0.0,0.0,0.0,0.0,0.0
2,11,0.028502565968048243,0.027382912397128464,0.13303186788556975,0.41100266193433893,0.0,0.0,0.0,0.0,0.0,0.0
2,12,0.028502091850111985,0.027505219110786745,0.13303186788556975,0.41100266193433893,0.0,0.0,0.0,0.0,0.0,0.0
2,13,0.028497155949172185,0.027544068300664255,0.13303186788556975,0.41100266193433893,0.0,0.0,0.0,0.0,0.0,0.0
2,14,0.028499247358398316,0.0273281521668236,0.13303186788556975,0.41100266193433893,0.0,0.0,0.0,0.0,0.0,0.0
2,15,0.028494864586103452,0.02759017416390785,0.13303186788556975,0.41100266193433893,0.0,0.0,0.0,0.0,0.0,0.0
2,16,0.028495811599687653,0.027377540742001764,0.13303186788556975,0.41100266193433893,0.0,0.0,0.0,0.0,0.0,0.0
2,17,0.028494807224914032,0.027395105037443277,0.13303186788556975,0.41100266193433893,0.0,0.0,0.0,0.0,0.0,0.0
2,18,0.0284945527127424,0.0274749346995422,0.13303186788556975,0.41100266193433893,0.0,0.0,0.0,0.0,0.0,0.0
2,19,0.028493623372933784,0.02740644685454389,0.13303186788556975,0.41100266193433893,0.0,0.0,0.0,0.0,0.0,0.0
2,20,0.02848896864887934,0.02741394204789383,0.13303186788556975,0.41100266193433893,0.0,0.0,0.0,0.0,0.0,0.0
3,1,0.06577556741489023,0.027086675071016083,0.13303186788556975,0.41100266193433893,0.0,0.0,0.0,0.0,0.0,0.0
3,2,0.028993043588463368,0.027527919930424593,0.13303186788556975,0.41100266193433893,0.0,0.0,0.0,0.0,0.0,0.0
3,3,0.02872596431632316,0.02753802575704703,0.13303186788556975,0.41100266193433893,0.0,0.0,0.0,0.0,0.0,0.0
3,4,0.028602369541479825,0.027508766238276118,0.13303186788556975,0.41100266193433893,0.0,0.0,0.0,0.0,0.0,0.0
3,5,0.0285418047336009,0.027453717431400432,0.13303186788556975,0.41100266193433893,0.0,0.0,0.0,0.0,0.0,0.0
3,6,0.028527743494161546,0.027347502963121096,0.13303186788556975,0.41100266193433893,0.0,0.0,0.0,0.0,0.0,0.0
3,7,0.02851540626244132,0.02728176111606267,0.13303186788556975,0.41100266193433893,0.0,0.0,0.0,0.0,0.0,0.0
3,8,0.028510755619553883,0.027331495951103277,0.13303186788556975,0.41100266193433893,0.0,0.0,0.0,0.0,0.0,0.0
3,9,0.028505805653740068,0.027437092645632846,0.13303186788556975,0.41100266193433893,0.0,0.0,0.0,0.0,0.0,0.0
3,10,0.02850578148612015,0.0273947693663716,0.13303186788556975,0.41100266193433893,0.0,0.0,0.0,0.0,0.0,0.0
3,11,0.028497305813701735,0.027545881081361825,0.13303186788556975,0.41100266193433893,0.0,0.0,0.0,0.0,0.0,0.0
3,12,0.028499558508967612,0.027416499961370383,0.13303186788556975,0.41100266193433893,0.0,0.0,0.0,0.0,0.0,0.0
3,13,0.028497550344889478,0.027485485660995658,0.13303186788556975,0.41100266193433893,0.0,0.0,0.0,0.0,0.0,0.0
3,14,0.028498551738633377,0.027572407064302945,0.13303186788556975,0.41100266193433893,0.0,0.0,0.0,0.0,0.0,0.0
3,15,0.02849001565708507,0.02753328704902299,0.13303186788556975,0.41100266193433893,0.0,0.0,0.0,0.0,0.0,0.0
3,16,0.02849462018368001,0.027487365379502575,0.13303186788556975,0.41100266193433893,0.0,0.0,0.0,0.0,0.0,0.0
3,17,0.028490980477877348,0.027479203743459843,0.13303186788556975,0.41100266193433893,0.0,0.0,0.0,0.0,0.0,0.0
3,18,0.028491137373093337,0.02755586943858674,0.13303186788556975,0.41100266193433893,0.0,0.0,0.0,0.0,0.0,0.0
3,19,0.028486495968558224,0.027478137392454638,0.13303186788556975,0.41100266193433893,0.0,0.0,0.0,0.0,0.0,0.0
3,20,0.028490016858366524,0.02764382624310204,0.13303186788556975,0.41100266193433893,0.0,0.0,0.0,0.0,0.0,0.0
4,1,0.06534985926522256,0.02698736851314419,0.13303186788556975,0.41100266193433893,0.0,0.0,0.0,0.0,0.0,0.0
4,2,0.028987124558859597,0.027462972445482854,0.13303186788556975,0.41100266193433893,0.0,0.0,0.0,0.0,0.0,0.0
4,3,0.028723403271792305,0.027299408200477118,0.13303186788556975,0.41100266193433893,0.0,0.0,0.0,0.0,0.0,0.0
4,4,0.028600302217013204,0.027593238487370036,0.13303186788556975,0.41100266193433893,0.0,0.0,0.0,0.0,0.0,0.0
4,5,0.02853849247697151,0.027252712759341415,0.13303186788556975,0.41100266193433893,0.0,0.0,0.0,0.0,0.0,0.0
4,6,0.02852620555552543,0.027425435801332866,0.13303186788556975,0.41100266193433893,0.004351806821788259,0.16760464298276467,0.0,0.0,0.0,0.0
4,7,0.02851424616494598,0.027362291143411894,0.13303186788556975,0.41100266193433893,0.0,0.0,0.0,0.0,0.0,0.0
4,8,0.028511314216985956,0.027585857635881634,0.13303186788556975,0.41100266193433893,0.0,0.0,0.0,0.0,0.0,0.0
4,9,0.028506850271831405,0.027633113370284994,0.13303186788556975,0.41100266193433893,0.0,0.0,0.0,0.0,0.0,0.0
4,10,0.028502346329606274,0.027501923467077978,0.13303186788556975,0.41100266193433893,0.0,0.0,0.0,0.0,0.0,0.0
4,11,0.028502676950427113,0.027526267892267437,0.13303186788556975,0.41100266193433893,0.0,0.0,0.0,0.0,0.0,0.0
4,12,0.028501063366459863,0.02757167968802944,0.13303186788556975,0.41100266193433893,0.0,0.0,0.0,0.0,0.0,0.0
4,13,0.028500646231978472,0.027589857514232482,0.13303186788556975,0.41100266193433893,0.0,0.0,0.0,0.0,0.0,0.0
4,14,0.028496243295427496,0.027553553866451995,0.08322303410512574,0.4054412154403321,0.0,0.0,0.0,0.0,0.0,0.0
4,15,0.028495816773989664,0.02741851947966824,0.13303186788556975,0.41100266193433893,0.0,0.0,0.0,0.0,0.0,0.0
4,16,0.028497046718921448,0.027469834392852974,0.13303186788556975,0.41100266193433893,0.0,0.0,0.0,0.0,0.0,0.0
4,17,0.028495443580034197,0.02737923303784477,0.13303186788556975,0.41100266193433893,0.0,0.0,0.0,0.0,0.0,0.0
4,18,0.028494944587246898,0.027729036446586038,0.13303186788556975,0.41100266193433893,0.0,0.0,0.0,0.0,0.0,0.0
4,19,0.028500208091410312,0.027577947051315048,0.13303186788556975,0.41100266193433893,0.0,0.0,0.0,0.0,0.0,0.0
4,20,0.028498350283188954,0.027358836545088572,0.13303186788556975,0.41100266193433893,0.0,0.0,0.0,0.0,0.0,0.0
5,1,0.06526913685729524,0.027093134703045245,0.13303186788556975,0.41100266193433893,0.0,0.0,0.0,0.0,0.0,0.0
5,2,0.028992699874530518,0.027576228731810877,0.13303186788556975,0.41100266193433893,0.0,0.0,0.0,0.0,0.0,0.0
5,3,0.028726997387641142,0.02758619362717884,0.13303186788556975,0.41100266193433893,0.0,0.0,0.0,0.0,0.0,0.0
5,4,0.02860018975715151,0.027625451077917928,0.08322303410512574,0.4054412154403321,0.0,0.0,0.0,0.0,0.0,0.0
5,5,0.028549051909783168,0.027454360999316405,0.13303186788556975,0.41100266193433893,0.0,0.0,0.0,0.0,0.0,0.0
5,6,0.02853130378740199,0.027587138532652895,0.13303186788556975,0.41100266193433893,0.0,0.0,0.0,0.0,0.0,0.0
5,7,0.028517471634825577,0.02747928731164823,0.13303186788556975,0.41100266193433893,0.0,0.0,0.0,0.0,0.0,0.0
5,8,0.02850978670047789,0.027484538070964265,0.08322303410512574,0.4054412154403321,0.0,0.0,0.0,0.0,0.0,0.0
5,9,0.02850859497170137,0.027520971666263647,0.13303186788556975,0.41100266193433893,0.0,0.0,0.0,0.0,0.0,0.0
5,10,0.02850029900717609,0.027506177556463503,0.13303186788556975,0.41100266193433893,0.0,0.0,0.0,0.0,0.0,0.0
5,11,0.02849913325688904,0.02744801069761928,0.13303186788556975,0.41100266193433893,0.0,0.0,0.0,0.0,0.0,0.0
5,12,0.028500507358707402,0.027349956221558305,0.13303186788556975,0.41100266193433893,0.0,0.0,0.0,0.0,0.0,0.0
5,13,0.028495432107173885,0.027661511103454498,0.13303186788556975,0.41100266193433893,0.0,0.0,0.0,0.0,0.0,0.0
5,14,0.0284967385719448,0.027211152758972353,0.13303186788556975,0.41100266193433893,0.0,0.0,0.0,0.0,0.0,0.0
5,15,0.028497806284749887,0.027623714196007367,0.13303186788556975,0.41100266193433893,0.0,0.0,0.0,0.0,0.0,0.0
5,16,0.02849271391923483,0.027596491263554908,0.13303186788556975,0.41100266193433893,0.0,0.0,0.0,0.0,0.0,0.0
5,17,0.028493898890414156,0.027535148007651115,0.13303186788556975,0.41100266193433893,0.0,0.0,0.0,0.0,0.0,0.0
5,18,0.028495325707792687,0.027270365565118613,0.13303186788556975,0.41100266193433893,0.0,0.0,0.0,0.0,0.0,0.0
5,19,0.028490715025408328,0.027550865295623297,0.13303186788556975,0.41100266193433893,0.0,0.0,0.0,0.0,0.0,0.0
5,20,0.02849242408829921,0.027438526636891516,0.13303186788556975,0.41100266193433893,0.0,0.0,0.0,0.0,0.0,0.0
6,1,0.06579966084867914,0.027151618916061,0.13303186788556975,0.41100266193433893,0.0,0.0,0.0,0.0,0.0,0.0
6,2,0.028985894914637197,0.027312108579713498,0.08322303410512574,0.4054412154403321,0.0,0.0,0.0,0.0,0.0,0.0
6,3,0.02872788431420071,0.0274207474220875,0.13303186788556975,0.41100266193433893,0.0,0.0,0.0,0.0,0.0,0.0
6,4,0.028599865438779126,0.027447044934789225,0.13303186788556975,0.41100266193433893,0.0,0.0,0.0,0.0,0.0,0.0
6,5,0.028545485617137746,0.027493650179068133,0.13303186788556975,0.41100266193433893,0.0,0.0,0.0,0.0,0.0,0.0
6,6,0.02852824496459184,0.027461837027168548,0.13303186788556975,0.41100266193433893,0.0,0.0,0.0,0.0,0.0,0.0
6,7,0.02851562105218768,0.027539261720839748,0.13303186788556975,0.41100266193433893,0.0,0.0,0.0,0.0,0.0,0.0
6,8,0.02851120993735302,0.027432284512714535,0.13303186788556975,0.41100266193433893,0.0,0.0,0.0,0.0,0.0,0.0
6,9,0.02850671893613464,0.027545153395536977,0.13303186788556975,0.41100266193433893,0.0,0.0,0.0,0.0,0.0,0.0
6,10,0.028501543016981885,0.02742819134733055,0.13303186788556975,0.41100266193433893,0.0,0.0,0.0,0.0,0.0,0.0
6,11,0.0284997858650983,0.02767123251534294,0.08322303410512574,0.4054412154403321,0.004351806821788259,0.16760464298276467,0.0,0.0,0.0,0.0
6,12,0.02850087148353252,0.02775067389865318,0.13303186788556975,0.41100266193433893,0.0,0.0,0.0,0.0,0.0,0.0
6,13,0.028501103583713508,0.027618169048027188,0.13303186788556975,0.41100266193433893,0.0,0.0,0.0,0.0,0.0,0.0
6,14,0.0284999004917792,0.02754134675194336,0.13303186788556975,0.41100266193433893,0.004351806821788259,0.16760464298276467,0.0,0.0,0.0,0.0
6,15,0.028495243658090905,0.027495814588742815,0.13303186788556975,0.41100266193433893,0.0,0.0,0.0,0.0,0.0,0.0
6,16,0.028498397772318964,0.027631095896093416,0.13303186788556975,0.41100266193433893,0.0,0.0,0.0,0.0,0.0,0.0
6,17,0.028497493872601656,0.02742519974708557,0.13303186788556975,0.41100266193433893,0.0,0.0,0.0,0.0,0.0,0.0
6,18,0.02849803192026274,0.02759669533260914,0.13303186788556975,0.41100266193433893,0.0,0.0,0.0,0.0,0.0,0.0
6,19,0.028494272826223164,0.027458188553636943,0.13303186788556975,0.41100266193433893,0.0,0.0,0.0,0.0,0.0,0.0
6,20,0.028496343664671447,0.027626290308968043,0.13303186788556975,0.41100266193433893,0.0,0.0,0.0,0.0,0.0,0.0
7,1,0.06587583116703623,0.02704537742074718,0.13303186788556975,0.41100266193433893,0.004351806821788259,0.16760464298276467,0.0,0.0,0.0,0.0
7,2,0.028990009796499676,0.027390737433445486,0.08322303410512574,0.4054412154403321,0.0,0.0,0.0,0.0,0.0,0.0
7,3,0.02873150047908825,0.027472845227977948,0.13303186788556975,0.41100266193433893,0.0,0.0,0.0,0.0,0.0,0.0
7,4,0.028603244324515473,0.027432384721956145,0.13303186788556975,0.41100266193433893,0.0,0.0,0.0,0.0,0.0,0.0
7,5,0.028543707509739474,0.02762757552344683,0.13303186788556975,0.41100266193433893,0.0,0.0,0.0,0.0,0.0,0.0
7,6,0.028525458128552714,0.02740547129281271,0.13303186788556975,0.41100266193433893,0.0,0.0,0.0,0.0,0.0,0.0
7,7,0.02851894909586498,0.027439359692926053,0.13303186788556975,0.41100266193433893,0.0,0.0,0.0,0.0,0.0,0.0
7,8,0.028511487054467245,0.027569750617431707,0.13303186788556975,0.41100266193433893,0.0,0.0,0.0,0.0,0.0,0.0
7,9,0.028505463414955946,0.027546324999335844,0.13303186788556975,0.41100266193433893,0.0,0.0,0.0,0.0,0.0,0.0
7,10,0.028503800313918203,0.02757052599017463,0.13303186788556975,0.41100266193433893,0.0,0.0,0.0,0.0,0.0,0.0
7,11,0.028499892551962336,0.02762078247259886,0.13303186788556975,0.41100266193433893,0.0,0.0,0.0,0.0,0.0,0.0
7,12,0.028496386722909047,0.02742466823675571,0.13303186788556975,0.41100266193433893,0.0,0.0,0.0,0.0,0.0,0.0
7,13,0.02849577232112965,0.02749086367793616,0.13303186788556975,0.41100266193433893,0.0,0.0,0.0,0.0,0.0,0.0
7,14,0.028493091102549533,0.027678658668069237,0.13303186788556975,0.41100266193433893,0.0,0.0,0.0,0.0,0.0,0.0
7,15,0.028492320116377944,0.027446230302396683,0.13303186788556975,0.41100266193433893,0.0,0.0,0.0,0.0,0.0,0.0
7,16,0.028493236872685526,0.027526623977716467,0.13303186788556975,0.41100266193433893,0.0,0.0,0.0,0.0,0.0,0.0
7,17,0.028493303177353126,0.02743935747269573,0.13303186788556975,0.41100266193433893,0.0,0.0,0.0,0.0,0.0,0.0
7,18,0.028488258534377687,0.027423200216197693,0.13303186788556975,0.41100266193433893,0.0,0.0,0.0,0.0,0.0,0.0
7,19,0.028492837218249745,0.027412295432222265,0.13303186788556975,0.41100266193433893,0.0,0.0,0.0,0.0,0.0,0.0
7,20,0.0284897482747076,0.027652695694975662,0.13303186788556975,0.41100266193433893,0.0,0.0,0.0,0.0,0.0,0.0
8,1,0.06593409693617142,0.027260563306958766,0.13303186788556975,0.41100266193433893,0.0,0.0,0.0,0.0,0.0,0.0
8,2,0.028972923661892892,0.027443238392600357,0.13303186788556975,0.41100266193433893,0.0,0.0,0.0,0.0,0.0,0.0
8,3,0.02872333214877235,0.027487077512765,0.13303186788556975,0.41100266193433893,0.0,0.0,0.0,0.0,0.0,0.0
8,4,0.02859904957533105,0.0273787531318586,0.13303186788556975,0.41100266193433893,0.0,0.0,0.0,0.0,0.0,0.0
8,5,0.028546428476030908,0.027511578827114365,0.13303186788556975,0.41100266193433893,0.0,0.0,0.0,0.0,0.0,0.0
8,6,0.028523103944065778,0.027438459741778908,0.13303186788556975,0.41100266193433893,0.0,0.0,0.0,0.0,0.0,0.0
8,7,0.028515663994887523,0.027162630932891268,0.13303186788556975,0.41100266193433893,0.0,0.0,0.0,0.0,0.0,0.0
8,8,0.028513477468522657,0.027448407948059816,0.13303186788556975,0.41100266193433893,0.0,0.0,0.0,0.0,0.0,0.0
8,9,0.028504464889816145,0.02747493472089057,0.13303186788556975,0.41100266193433893,0.0,0.0,0.0,0.0,0.0,0.0
8,10,0.028499947809353145,0.027620719420192577,0.13303186788556975,0.41100266193433893,0.0,0.0,0.0,0.0,0.0,0.0
8,11,0.028501870265422894,0.027447997787193448,0.13303186788556975,0.41100266193433893,0.0,0.0,0.0,0.0,0.0,0.0
8,12,0.028497509652258265,0.027509625926400324,0.13303186788556975,0.41100266193433893,0.0,0.0,0.0,0.0,0.0,0.0
8,13,0.028499827064228368,0.027264359057547368,0.13303186788556975,0.41100266193433893,0.0,0.0,0.0,0.0,0.0,0.0
8,14,0.028492825571110263,0.027633721355807814,0.13303186788556975,0.41100266193433893,0.0,0.0,0.0,0.0,0.0,0.0
8,15,0.028495296689532077,0.027350622872397687,0.13303186788556975,0.41100266193433893,0.0,0.0,0.0,0.0,0.0,0.0
8,16,0.028497728806375296,0.027207093211931623,0.13303186788556975,0.41100266193433893,0.0,0.0,0.0,0.0,0.0,0.0
8,17,0.028495004465369934,0.027335990428454898,0.13303186788556975,0.41100266193433893,0.0,0.0,0.0,0.0,0.0,0.0
8,18,0.028494085241144752,0.02740180301333225,0.13303186788556975,0.41100266193433893,0.0,0.0,0.0,0.0,0.0,0.0
8,19,0.02849126978947659,0.027371939079553147,0.13303186788556975,0.41100266193433893,0.0,0.0,0.0,0.0,0.0,0.0
8,20,0.02849038419568589,0.027516883453701152,0.13303186788556975,0.41100266193433893,0.0,0.0,0.0,0.0,0.0,0.0
9,1,0.06576199798272336,0.027197516963611702,0.13303186788556975,0.41100266193433893,0.0,0.0,0.0,0.0,0.0,0.0
9,2,0.02898917262469939,0.027175266578537347,0.13303186788556975,0.41100266193433893,0.0,0.0,0.0,0.0,0.0,0.0
9,3,0.028730313629350586,0.02762906356877447,0.13303186788556975,0.41100266193433893,0.0,0.0,0.0,0.0,0.0,0.0
9,4,0.02860119845311502,0.027556665140313543,0.13303186788556975,0.41100266193433893,0.0,0.0,0.0,0.0,0.0,0.0
9,5,0.028547425444717636,0.027391867455959663,0.13303186788556975,0.41100266193433893,0.0,0.0,0.0,0.0,0.0,0.0
9,6,0.028526182051955846,0.027462388028558823,0.13303186788556975,0.41100266193433893,0.0,0.0,0.0,0.0,0.0,0.0
9,7,0.02850918168370985,0.02734593095999734,0.13303186788556975,0.41100266193433893,0.0,0.0,0.0,0.0,0.0,0.0
9,8,0.028507345826106145,0.027624308038236078,0.13303186788556975,0.41100266193433893,0.0,0.0,0.0,0.0,0.0,0.0
9,9,0.02850954755171573,0.02757952731092031,0.13303186788556975,0.41100266193433893,0.0,0.0,0.0,0.0,0.0,0.0
9,10,0.028500371629463766,0.027706177905201912,0.13303186788556975,0.41100266193433893,0.0,0.0,0.0,0.0,0.0,0.0
9,11,0.02850580190907191,0.0275011285605779,0.13303186788556975,0.41100266193433893,0.0,0.0,0.0,0.0,0.0,0.0
9,12,0.028501324670851116,0.02738620101188691,0.13303186788556975,0.41100266193433893,0.0,0.0,0.0,0.0,0.0,0.0
9,13,0.028498770044695493,0.02728782669456948,0.13303186788556975,0.41100266193433893,0.0,0.0,0.0,0.0,0.0,0.0
9,14,0.028492840938020878,0.027451176831450708,0.13303186788556975,0.41100266193433893,0.0,0.0,0.0,0.0,0.0,0.0
9,15,0.02849098050121831,0.02761395938993354,0.13303186788556975,0.41100266193433893,0.0,0.0,0.0,0.0,0.0,0.0
9,16,0.028493528832316782,0.027569119719772422,0.13303186788556975,0.41100266193433893,0.0,0.0,0.0,0.0,0.0,0.0
9,17,0.028491670773958127,0.0275485183413869,0.13303186788556975,0.41100266193433893,0.0,0.0,0.0,0.0,0.0,0.0
9,18,0.028489255524460296,0.027376943094426377,0.13303186788556975,0.41100266193433893,0.0,0.0,0.0,0.0,0.0,0.0
9,19,0.028490141472644583,0.027369752985273187,0.13303186788556975,0.41100266193433893,0.0,0.0,0.0,0.0,0.0,0.0
9,20,0.02848961845461723,0.027453791222036054,0.13303186788556975,0.41100266193433893,0.0,0.0,0.0,0.0,0.0,0.0
10,1,0.06580787208396033,0.026925310695325066,0.13303186788556975,0.41100266193433893,0.0,0.0,0.0,0.0,0.0,0.0
10,2,0.028985678215211218,0.027326120640068476,0.13303186788556975,0.41100266193433893,0.0,0.0,0.0,0.0,0.0,0.0
10,3,0.028728298308933843,0.027524544635953056,0.13303186788556975,0.41100266193433893,0.0,0.0,0.0,0.0,0.0,0.0
10,4,0.028599713142899483,0.02755255446393032,0.13303186788556975,0.41100266193433893,0.0,0.0,0.0,0.0,0.0,0.0
10,5,0.028542438498652435,0.027504427321148467,0.08322303410512574,0.4054412154403321,0.0,0.0,0.0,0.0,0.0,0.0
10,6,0.028524549048309134,0.027533923742764317,0.13303186788556975,0.41100266193433893,0.0,0.0,0.0,0.0,0.0,0.0
10,7,0.028515698241134355,0.027589984483653972,0.13303186788556975,0.41100266193433893,0.0,0.0,0.0,0.0,0.0,0.0
10,8,0.028508233349805293,0.02765634512918385,0.13303186788556975,0.41100266193433893,0.0,0.0,0.0,0.0,0.0,0.0
10,9,0.028507500573564715,0.027356930626796446,0.13303186788556975,0.41100266193433893,0.0,0.0,0.0,0.0,0.0,0.0
10,10,0.02850386342748743,0.027184952135840938,0.13303186788556975,0.41100266193433893,0.0,0.0,0.0,0.0,0.0,0.0
10,11,0.02849941227317945,0.027459872005918307,0.13303186788556975,0.41100266193433893,0.0,0.0,0.0,0.0,0.0,0.0
10,12,0.028504070517828828,0.027389404596093733,0.13303186788556975,0.41100266193433893,0.004351806821788259,0.16760464298276467,0.0,0.0,0.0,0.0
10,13,0.028502146156747656,0.027389017165902693,0.13303186788556975,0.41100266193433893,0.0,0.0,0.0,0.0,0.0,0.0
10,14,0.0284956715924349,0.02746364240531935,0.13303186788556975,0.41100266193433893,0.0,0.0,0.0,0.0,0.0,0.0
10,15,0.028493358287306866,0.027655313106355148,0.13303186788556975,0.41100266193433893,0.0,0.0,0.0,0.0,0.0,0.0
10,16,0.028495544432825055,0.027462402150504567,0.13303186788556975,0.41100266193433893,0.0,0.0,0.0,0.0,0.0,0.0
10,17,0.028495232540791234,0.02764785371955623,0.13303186788556975,0.41100266193433893,0.0,0.0,0.0,0.0,0.0,0.0
10,18,0.028493491388747322,0.027628443686873318,0.13303186788556975,0.41100266193433893,0.0,0.0,0.0,0.0,0.0,0.0
10,19,0.028491014636984596,0.02752487970927042,0.13303186788556975,0.41100266193433893,0.0,0.0,0.0,0.0,0.0,0.0
10,20,0.028493667967784644,0.027537743190041927,0.13303186788556975,0.41100266193433893,0.0,0.0,0.0,0.0,0.0,0.0
