epoch,train_loss,val_loss,L1_macroF1,L1_microF1,L2_macroF1,L2_microF1,L3_macroF1,L3_microF1,L4_macroF1,L4_microF1
1,0.30116148186888936,0.2185289072016932,0.42304709780028127,0.44929544481052963,0.16090904253703286,0.22015421461392473,0.1067245695958775,0.18142468780558213,0.03904489505444285,0.20133986343756005
2,0.19742398871487538,0.18278089544834586,0.4812337666391004,0.5096028398906922,0.2375514092087664,0.28802531725422764,0.1779504206994707,0.24733428326708423,0.08387179617213661,0.3091010315792616
3,0.17258114323197665,0.1725032949644037,0.5025972440100301,0.5426208252239794,0.260127903526976,0.3168083970974477,0.20217744296431822,0.2814896632552636,0.09958796595564319,0.3443337274401034
4,0.16309241512330128,0.16797656588106918,0.5177133715534372,0.5596540000435903,0.27664241106900295,0.323523519860709,0.20829394882975238,0.28476081239923456,0.10777589684819977,0.3533154562957856
5,0.159141696238784,0.1659449077907811,0.5237918884955687,0.5593277802354626,0.27727749987707084,0.34105019091283506,0.21669124956770994,0.2988271204424676,0.11366665917888641,0.3836428901907347
6,0.15690581986774974,0.1639084110244639,0.5258335806956917,0.551862677312363,0.28044038040857855,0.33165727887996665,0.21772639075366765,0.29481223438483134,0.11598895713919102,0.37780849447911136
7,0.15541264993219095,0.16232179156517915,0.530422125965643,0.5634140639015773,0.28666751627944864,0.3479759579066861,0.22045128045063075,0.3093895317682061,0.11846412268814613,0.3894252066366445
8,0.1543343912949136,0.161820316357394,0.5370771666775651,0.5674616127979744,0.29177865574496054,0.35310516156399513,0.22334249027917807,0.3175669741376109,0.11949092785410025,0.39117215905725156
9,0.15352356668118292,0.16131093865820875,0.5396162182275045,0.5732638101433976,0.2902933686759593,0.3471044743558339,0.2255924830765864,0.3108699767823633,0.12003982192377574,0.40343779355769416
10,0.1528185405494617,0.1601524155768419,0.5357242970297085,0.5741836664264677,0.295582171761038,0.35944942466521396,0.22469952860302903,0.3183530421886992,0.12174721129427482,0.39545452985879515
11,0.1522828303256437,0.1598899349783758,0.5235266871152628,0.5527790564877761,0.29261382549992065,0.3534388100839536,0.2286996062569498,0.3192355112126787,0.12240566515424503,0.4044401937349913
12,0.15176730327905463,0.15939343470471637,0.5344013335378737,0.5656320452457512,0.29685454858585303,0.35248849237635554,0.2323476339913034,0.3183532224193454,0.12238846443798586,0.40145480756540247
13,0.1513502668936526,0.1593176724191723,0.5386190255750583,0.5773370626765905,0.3002642408814668,0.36880529945890644,0.23071937433448303,0.3327324641949324,0.12244733365841624,0.4164523462292813
14,0.15100830406395388,0.15898878525697058,0.5336695638634563,0.5511754464769358,0.29466359708647993,0.35470784262056543,0.22863779487867641,0.32198426666354096,0.12300937705441217,0.4062977391161284
15,0.15065971767081782,0.15869421482427754,0.5378961079748775,0.5686071421021655,0.3010215245136192,0.3558209064601428,0.23268101246566725,0.32586238784830324,0.12372806090248911,0.4150752752342517
16,0.15039645251576478,0.15843506855062905,0.5382278834788874,0.5733658662519296,0.30009909481960834,0.3589550426555366,0.23350484495693985,0.32166674999070677,0.1249274617885758,0.40167501996337196
17,0.150159441595003,0.15809066122701995,0.5410302397213063,0.5657730873608348,0.3023164274234068,0.35552785280082183,0.23522662592981822,0.3212263299456094,0.12627049162421156,0.41387569482206343
18,0.1498769805634261,0.15836187612190628,0.5406233598990152,0.5661295891318244,0.3030407967034777,0.370561125660395,0.23321751146897,0.34349379493893284,0.12392362704854747,0.4296923051227862
19,0.14969582425817354,0.15716761887756664,0.539406594540386,0.5772842065954048,0.3050946044697812,0.3689570356818669,0.23405824038741754,0.33761602971212773,0.12531588692366097,0.41981840162823847
20,0.14950109868764197,0.15757809501664344,0.5396286680276414,0.5618000243818859,0.3073034763580863,0.36260326515141394,0.24134089358218355,0.3363761188900147,0.12657810393177585,0.42947765912771657
